model,role,best_threshold,weight_rf,weight_xgb,weight_tree,weight_logistic,gate_w_min,gate_w_max,test_accuracy,test_balanced_accuracy,test_precision_vulnerable,test_recall_vulnerable,test_f1_vulnerable,test_macro_f1,test_roc_auc,test_average_precision,test_tn,test_fp,test_fn,test_tp
STACK_LOGISTIC_PROB_RISK,stacking,0.4549999999999998,,,,,,,0.8789954337899544,0.8978973658152816,0.7663551401869159,0.9726815240833933,0.8572786313955331,0.876127367918305,0.9681971011266991,0.9504669757580585,3839,825,76,2706
RandomForest,base,0.4999999999999998,,,,,,,0.8802041364491002,0.8958887722223112,0.7747093023255814,0.9579439252336449,0.8566377370620379,0.876877115359162,0.9676672461289374,0.9492204835153599,3889,775,117,2665
WEIGHT_RF_DT,weighted_soft_voting,0.4999999999999998,0.95,,0.05,,,,0.8800698361536395,0.8957090454070704,0.7746437917999418,0.9575844716031632,0.8564539463108825,0.8767334891282241,0.9677019660818814,0.9493186803333566,3889,775,118,2664
DYNAMIC_GATE_RandomForest_PLUS_XGBoost,dynamic_pair_gate,0.48999999999999977,,,,,0.0,0.2,0.8789954337899544,0.8965194345418293,0.7692527912968795,0.9658519051042416,0.856414342629482,0.8759267953138126,0.9679325589769074,0.9496539258670164,3858,806,95,2687
WEIGHT_RF_XGB,weighted_soft_voting,0.5049999999999998,1.0,0.0,,,,,0.8799355358581789,0.8953842731946241,0.7748980780430984,0.9565061107117182,0.8561776061776062,0.8765673646379041,0.9676672461289374,0.9492204835153599,3891,773,121,2661
WEIGHT_RF_XGB_DT,weighted_soft_voting,0.5049999999999998,0.65,0.05,0.3,,,,0.8788611334944937,0.895832048836369,0.7702702702702703,0.9629762760603882,0.8559105431309905,0.8757078202216584,0.9677533716503915,0.9495728421863808,3865,799,103,2679
WEIGHT_ALL4,weighted_soft_voting,0.5049999999999998,0.65,0.05,0.3,0.0,,,0.8788611334944937,0.895832048836369,0.7702702702702703,0.9629762760603882,0.8559105431309905,0.8757078202216584,0.9677533716503915,0.9495728421863808,3865,799,103,2679
STACK_LOGISTIC_PROB_ONLY,stacking,0.5349999999999998,,,,,,,0.8803384367445608,0.894327954271086,0.7786619510757442,0.9496764917325665,0.8557085020242915,0.8767472187762848,0.9682442678552271,0.9504120194506863,3913,751,140,2642
DYNAMIC_GATE_RandomForest_PLUS_DecisionTree,dynamic_pair_gate,0.4999999999999998,,,,,0.0,0.5,0.878323932312651,0.895330709671214,0.7695402298850574,0.9626168224299065,0.8553177898435005,0.8751675855358869,0.9677676295666949,0.9496358379450295,3862,802,104,2678
SOFTMAX_GATE_RF_XGB_DT,dynamic_three_gate,0.5549999999999998,,,,,,,0.8784582326081117,0.8937698917199887,0.7733760559277599,0.9543493889288281,0.8543845534995977,0.8750429163717881,0.9665286551748375,0.9468456976274722,3886,778,127,2655
WEIGHT_XGB_DT,weighted_soft_voting,0.5149999999999998,,0.6,0.4,,,,0.8748321246306742,0.8940663793092818,0.7607102593010147,0.9701653486700216,0.8527646129541864,0.8719557706209848,0.9664447646781008,0.9475746879870709,3815,849,83,2699
DecisionTree,base,0.5449999999999998,,,,,,,0.8759065269943593,0.8931109447773176,0.766189111747851,0.9611790079079798,0.8526785714285714,0.8727429980112695,0.9604667286513522,0.9242444952359754,3848,816,108,2674
DYNAMIC_GATE_XGBoost_PLUS_DecisionTree,dynamic_pair_gate,0.5599999999999998,,,,,0.05,0.65,0.8752350255170561,0.8883686076751673,0.7741935483870968,0.9403306973400432,0.8492127901314722,0.8714051580940261,0.9658190733618347,0.9467797829549772,3901,763,166,2616
XGBoost,base,0.5499999999999998,,,,,,,0.8658340048348107,0.8823872961811596,0.7553709538814093,0.9478792235801582,0.8407460545193687,0.8624196684013481,0.9614890212503068,0.9402217086469032,3810,854,145,2637
LogisticRegression,base,0.4449999999999998,,,,,,,0.7504700510341122,0.7752142386796769,0.6174377224199288,0.8731128684399713,0.7233472304943419,0.7480483706287757,0.8607432012089481,0.7826337248605727,3159,1505,353,2429
